Verb,Instance,LastRunDate,Duration,Request,ResultCode,SessionId,StatusDescription,Success,UserName,Content
POST,Production,03/30/2026 17:03:17,261,api/employee,400,,Bad Request,False,testuser
GET,Production,03/30/2026 17:03:17,264,api/employee/{id},400,,Bad Request,False,testuser
DELETE,Production,03/30/2026 17:03:17,260,api/employee/{id},400,,Bad Request,False,testuser
GET,Production,03/30/2026 17:03:17,255,api/department,200,,OK,True,testuser
GET,Production,03/30/2026 17:03:17,255,api/department/{id},400,,Bad Request,False,testuser
GET,Production,03/30/2026 17:03:17,260,sitemap.xml,200,,OK,True,testuser
GET,Production,03/30/2026 17:03:17,252,status,200,,OK,True,testuser
GET,Production,03/30/2026 17:03:17,262,api/employee,200,,OK,True,testuser
GET,Production,03/30/2026 17:03:17,289,status/explorer,200,,OK,True,testuser
PUT,Production,03/30/2026 17:03:17,291,api/employee/{id},400,,Bad Request,False,testuser
GET,Production,03/30/2026 17:03:18,87,sitemap.xml,200,,OK,True,testuser
GET,Production,03/30/2026 17:03:18,88,api/employee,200,,OK,True,testuser
DELETE,Production,03/30/2026 17:03:18,175,api/employee/{id},400,,Bad Request,False,testuser
GET,Production,03/30/2026 17:03:18,179,api/employee/{id},400,,Bad Request,False,testuser
GET,Production,03/30/2026 17:03:18,159,status/explorer,200,,OK,True,testuser
GET,Production,03/30/2026 17:03:18,170,status,200,,OK,True,testuser
POST,Production,03/30/2026 17:03:18,196,api/employee,400,,Bad Request,False,testuser
GET,Production,03/30/2026 17:03:18,211,api/department,200,,OK,True,testuser
PUT,Production,03/30/2026 17:03:18,212,api/employee/{id},400,,Bad Request,False,testuser
PUT,Production,03/30/2026 17:03:18,59,api/employee/{id},400,,Bad Request,False,testuser
GET,Production,03/30/2026 17:03:18,61,api/employee/{id},400,,Bad Request,False,testuser
GET,Production,03/30/2026 17:03:18,51,api/employee,200,,OK,True,testuser
POST,Production,03/30/2026 17:03:18,120,api/employee,400,,Bad Request,False,testuser
GET,Production,03/30/2026 17:03:18,207,api/department,200,,OK,True,testuser
GET,Production,03/30/2026 17:03:18,170,api/department/{id},400,,Bad Request,False,testuser
GET,Production,03/30/2026 17:03:18,109,api/department,200,,OK,True,testuser
GET,Production,03/30/2026 17:03:18,114,sitemap.xml,200,,OK,True,testuser
DELETE,Production,03/30/2026 17:03:18,178,api/employee/{id},400,,Bad Request,False,testuser
PUT,Production,03/30/2026 17:03:18,79,api/employee/{id},400,,Bad Request,False,testuser
DELETE,Production,03/30/2026 17:03:18,49,api/employee/{id},400,,Bad Request,False,testuser
GET,Production,03/30/2026 17:03:18,163,status/explorer,200,,OK,True,testuser
POST,Production,03/30/2026 17:03:18,50,api/employee,400,,Bad Request,False,testuser
GET,Production,03/30/2026 17:03:18,96,api/employee/{id},400,,Bad Request,False,testuser
GET,Production,03/30/2026 17:03:18,472,api/department/{id},400,,Bad Request,False,testuser
GET,Production,03/30/2026 17:03:18,68,api/department,200,,OK,True,testuser
GET,Production,03/30/2026 17:03:18,73,status,200,,OK,True,testuser
GET,Production,03/30/2026 17:03:18,236,status,200,,OK,True,testuser
GET,Production,03/30/2026 17:03:18,94,sitemap.xml,200,,OK,True,testuser
DELETE,Production,03/30/2026 17:03:18,44,api/employee/{id},400,,Bad Request,False,testuser
GET,Production,03/30/2026 17:03:18,119,status/explorer,200,,OK,True,testuser
POST,Production,03/30/2026 17:03:18,49,api/employee,400,,Bad Request,False,testuser
PUT,Production,03/30/2026 17:03:18,57,api/employee/{id},400,,Bad Request,False,testuser
GET,Production,03/30/2026 17:03:18,112,api/employee/{id},400,,Bad Request,False,testuser
GET,Production,03/30/2026 17:03:18,39,status/explorer,200,,OK,True,testuser
GET,Production,03/30/2026 17:03:18,43,status,200,,OK,True,testuser
GET,Production,03/30/2026 17:03:18,54,sitemap.xml,200,,OK,True,testuser
GET,Production,03/30/2026 17:03:18,41,api/department,200,,OK,True,testuser
GET,Production,03/30/2026 17:03:18,167,api/department/{id},400,,Bad Request,False,testuser
GET,Production,03/30/2026 17:03:18,92,api/employee/{id},400,,Bad Request,False,testuser
DELETE,Production,03/30/2026 17:03:18,100,api/employee/{id},400,,Bad Request,False,testuser
GET,Production,03/30/2026 17:03:18,284,api/employee,200,,OK,True,testuser
GET,Production,03/30/2026 17:03:18,132,api/employee,200,,OK,True,testuser
GET,Production,03/30/2026 17:03:18,182,sitemap.xml,200,,OK,True,testuser
GET,Production,03/30/2026 17:03:18,267,api/department/{id},400,,Bad Request,False,testuser
GET,Production,03/30/2026 17:03:18,152,status,200,,OK,True,testuser
GET,Production,03/30/2026 17:03:18,97,api/employee/{id},400,,Bad Request,False,testuser
GET,Production,03/30/2026 17:03:18,406,api/employee,200,,OK,True,testuser
GET,Production,03/30/2026 17:03:18,247,api/department,200,,OK,True,testuser
POST,Production,03/30/2026 17:03:18,345,api/employee,400,,Bad Request,False,testuser
PUT,Production,03/30/2026 17:03:18,105,api/employee/{id},400,,Bad Request,False,testuser
GET,Production,03/30/2026 17:03:18,48,status/explorer,200,,OK,True,testuser
GET,Production,03/30/2026 17:03:18,79,api/employee,200,,OK,True,testuser
POST,Production,03/30/2026 17:03:18,110,api/employee,400,,Bad Request,False,testuser
GET,Production,03/30/2026 17:03:19,237,api/department/{id},400,,Bad Request,False,testuser
GET,Production,03/30/2026 17:03:19,373,status/explorer,200,,OK,True,testuser
GET,Production,03/30/2026 17:03:19,123,sitemap.xml,200,,OK,True,testuser
GET,Production,03/30/2026 17:03:19,739,api/department/{id},400,,Bad Request,False,testuser
GET,Production,03/30/2026 17:03:19,93,status,200,,OK,True,testuser
GET,Production,03/30/2026 17:03:19,70,api/department,200,,OK,True,testuser
DELETE,Production,03/30/2026 17:03:19,243,api/employee/{id},400,,Bad Request,False,testuser
GET,Production,03/30/2026 17:03:19,43,api/employee/{id},400,,Bad Request,False,testuser
PUT,Production,03/30/2026 17:03:19,512,api/employee/{id},400,,Bad Request,False,testuser
PUT,Production,03/30/2026 17:03:19,51,api/employee/{id},400,,Bad Request,False,testuser
GET,Production,03/30/2026 17:03:19,54,api/department/{id},400,,Bad Request,False,testuser
POST,Production,03/30/2026 17:03:19,68,api/employee,400,,Bad Request,False,testuser
GET,Production,03/30/2026 17:03:19,54,api/department,200,,OK,True,testuser
GET,Production,03/30/2026 17:03:19,85,api/employee,200,,OK,True,testuser
PUT,Production,03/30/2026 17:03:19,78,api/employee/{id},400,,Bad Request,False,testuser
DELETE,Production,03/30/2026 17:03:19,78,api/employee/{id},400,,Bad Request,False,testuser
GET,Production,03/30/2026 17:03:19,140,status/explorer,200,,OK,True,testuser
POST,Production,03/30/2026 17:03:19,53,api/employee,400,,Bad Request,False,testuser
GET,Production,03/30/2026 17:03:19,75,sitemap.xml,200,,OK,True,testuser
GET,Production,03/30/2026 17:03:19,131,status/explorer,200,,OK,True,testuser
GET,Production,03/30/2026 17:03:19,171,api/employee,200,,OK,True,testuser
GET,Production,03/30/2026 17:03:19,133,status,200,,OK,True,testuser
GET,Production,03/30/2026 17:03:19,271,api/department/{id},400,,Bad Request,False,testuser
GET,Production,03/30/2026 17:03:19,296,sitemap.xml,200,,OK,True,testuser
DELETE,Production,03/30/2026 17:03:19,315,api/employee/{id},400,,Bad Request,False,testuser
GET,Production,03/30/2026 17:03:19,326,status,200,,OK,True,testuser
PUT,Production,03/30/2026 17:03:19,84,api/employee/{id},400,,Bad Request,False,testuser
POST,Production,03/30/2026 17:03:19,76,api/employee,400,,Bad Request,False,testuser
DELETE,Production,03/30/2026 17:03:19,89,api/employee/{id},400,,Bad Request,False,testuser
GET,Production,03/30/2026 17:03:19,75,api/employee,200,,OK,True,testuser
GET,Production,03/30/2026 17:03:19,109,api/department/{id},400,,Bad Request,False,testuser
GET,Production,03/30/2026 17:03:19,108,api/employee/{id},400,,Bad Request,False,testuser
GET,Production,03/30/2026 17:03:19,177,api/department,200,,OK,True,testuser
GET,Production,03/30/2026 17:03:19,37,status,200,,OK,True,testuser
GET,Production,03/30/2026 17:03:19,36,api/department,200,,OK,True,testuser
GET,Production,03/30/2026 17:03:19,43,api/department/{id},400,,Bad Request,False,testuser
GET,Production,03/30/2026 17:03:19,45,api/employee/{id},400,,Bad Request,False,testuser
POST,Production,03/30/2026 17:03:19,42,api/employee,400,,Bad Request,False,testuser
GET,Production,03/30/2026 17:03:19,38,sitemap.xml,200,,OK,True,testuser
GET,Production,03/30/2026 17:03:19,450,api/employee/{id},400,,Bad Request,False,testuser
GET,Production,03/30/2026 17:03:19,113,status/explorer,200,,OK,True,testuser
GET,Production,03/30/2026 17:03:19,63,status/explorer,200,,OK,True,testuser
DELETE,Production,03/30/2026 17:03:19,101,api/employee/{id},400,,Bad Request,False,testuser
GET,Production,03/30/2026 17:03:19,160,status,200,,OK,True,testuser
GET,Production,03/30/2026 17:03:19,128,api/employee,200,,OK,True,testuser
GET,Production,03/30/2026 17:03:19,104,api/employee/{id},400,,Bad Request,False,testuser
PUT,Production,03/30/2026 17:03:19,106,api/employee/{id},400,,Bad Request,False,testuser
GET,Production,03/30/2026 17:03:19,173,api/department/{id},400,,Bad Request,False,testuser
PUT,Production,03/30/2026 17:03:19,288,api/employee/{id},400,,Bad Request,False,testuser
GET,Production,03/30/2026 17:03:19,402,sitemap.xml,200,,OK,True,testuser
GET,Production,03/30/2026 17:03:19,180,status,200,,OK,True,testuser
GET,Production,03/30/2026 17:03:19,184,status/explorer,200,,OK,True,testuser
GET,Production,03/30/2026 17:03:19,193,sitemap.xml,200,,OK,True,testuser
POST,Production,03/30/2026 17:03:19,197,api/employee,400,,Bad Request,False,testuser
DELETE,Production,03/30/2026 17:03:19,314,api/employee/{id},400,,Bad Request,False,testuser
PUT,Production,03/30/2026 17:03:19,47,api/employee/{id},400,,Bad Request,False,testuser
GET,Production,03/30/2026 17:03:19,151,api/department,200,,OK,True,testuser
DELETE,Production,03/30/2026 17:03:19,87,api/employee/{id},400,,Bad Request,False,testuser
GET,Production,03/30/2026 17:03:19,188,api/department/{id},400,,Bad Request,False,testuser
GET,Production,03/30/2026 17:03:19,78,status/explorer,200,,OK,True,testuser
GET,Production,03/30/2026 17:03:19,162,api/employee/{id},400,,Bad Request,False,testuser
POST,Production,03/30/2026 17:03:19,121,api/employee,400,,Bad Request,False,testuser
GET,Production,03/30/2026 17:03:19,393,api/employee,200,,OK,True,testuser
GET,Production,03/30/2026 17:03:20,136,api/employee,200,,OK,True,testuser
GET,Production,03/30/2026 17:03:20,183,sitemap.xml,200,,OK,True,testuser
GET,Production,03/30/2026 17:03:20,115,api/employee/{id},400,,Bad Request,False,testuser
DELETE,Production,03/30/2026 17:03:20,109,api/employee/{id},400,,Bad Request,False,testuser
PUT,Production,03/30/2026 17:03:20,120,api/employee/{id},400,,Bad Request,False,testuser
GET,Production,03/30/2026 17:03:20,125,api/department/{id},400,,Bad Request,False,testuser
GET,Production,03/30/2026 17:03:20,140,api/department,200,,OK,True,testuser
GET,Production,03/30/2026 17:03:20,587,api/department,200,,OK,True,testuser
GET,Production,03/30/2026 17:03:20,182,status,200,,OK,True,testuser
GET,Production,03/30/2026 17:03:20,50,api/employee/{id},400,,Bad Request,False,testuser
GET,Production,03/30/2026 17:03:20,97,sitemap.xml,200,,OK,True,testuser
GET,Production,03/30/2026 17:03:20,66,status/explorer,200,,OK,True,testuser
GET,Production,03/30/2026 17:03:20,75,status,200,,OK,True,testuser
GET,Production,03/30/2026 17:03:20,111,api/employee,200,,OK,True,testuser
POST,Production,03/30/2026 17:03:20,139,api/employee,400,,Bad Request,False,testuser
GET,Production,03/30/2026 17:03:20,71,sitemap.xml,200,,OK,True,testuser
POST,Production,03/30/2026 17:03:20,99,api/employee,400,,Bad Request,False,testuser
PUT,Production,03/30/2026 17:03:20,153,api/employee/{id},400,,Bad Request,False,testuser
GET,Production,03/30/2026 17:03:20,172,api/department,200,,OK,True,testuser
GET,Production,03/30/2026 17:03:20,180,api/department/{id},400,,Bad Request,False,testuser
GET,Production,03/30/2026 17:03:20,118,api/employee,200,,OK,True,testuser
GET,Production,03/30/2026 17:03:20,59,api/department,200,,OK,True,testuser
GET,Production,03/30/2026 17:03:20,149,status/explorer,200,,OK,True,testuser
GET,Production,03/30/2026 17:03:20,91,api/department/{id},400,,Bad Request,False,testuser
POST,Production,03/30/2026 17:03:20,72,api/employee,400,,Bad Request,False,testuser
GET,Production,03/30/2026 17:03:20,66,sitemap.xml,200,,OK,True,testuser
PUT,Production,03/30/2026 17:03:20,96,api/employee/{id},400,,Bad Request,False,testuser
DELETE,Production,03/30/2026 17:03:20,188,api/employee/{id},400,,Bad Request,False,testuser
GET,Production,03/30/2026 17:03:20,86,api/employee,200,,OK,True,testuser
GET,Production,03/30/2026 17:03:20,138,api/department,200,,OK,True,testuser
GET,Production,03/30/2026 17:03:20,140,api/department/{id},400,,Bad Request,False,testuser
GET,Production,03/30/2026 17:03:20,146,status,200,,OK,True,testuser
DELETE,Production,03/30/2026 17:03:20,392,api/employee/{id},400,,Bad Request,False,testuser
GET,Production,03/30/2026 17:03:20,279,api/employee/{id},400,,Bad Request,False,testuser
GET,Production,03/30/2026 17:03:20,146,api/employee/{id},400,,Bad Request,False,testuser
GET,Production,03/30/2026 17:03:20,51,api/employee,200,,OK,True,testuser
DELETE,Production,03/30/2026 17:03:20,58,api/employee/{id},400,,Bad Request,False,testuser
GET,Production,03/30/2026 17:03:20,361,status,200,,OK,True,testuser
POST,Production,03/30/2026 17:03:20,72,api/employee,400,,Bad Request,False,testuser
GET,Production,03/30/2026 17:03:20,72,sitemap.xml,200,,OK,True,testuser
PUT,Production,03/30/2026 17:03:20,82,api/employee/{id},400,,Bad Request,False,testuser
GET,Production,03/30/2026 17:03:20,38,api/department,200,,OK,True,testuser
GET,Production,03/30/2026 17:03:20,47,status/explorer,200,,OK,True,testuser
GET,Production,03/30/2026 17:03:20,37,api/employee/{id},400,,Bad Request,False,testuser
POST,Production,03/30/2026 17:03:20,74,api/employee,400,,Bad Request,False,testuser
GET,Production,03/30/2026 17:03:20,105,api/department/{id},400,,Bad Request,False,testuser
PUT,Production,03/30/2026 17:03:20,97,api/employee/{id},400,,Bad Request,False,testuser
DELETE,Production,03/30/2026 17:03:20,93,api/employee/{id},400,,Bad Request,False,testuser
GET,Production,03/30/2026 17:03:20,89,api/employee,200,,OK,True,testuser
GET,Production,03/30/2026 17:03:20,96,status,200,,OK,True,testuser
GET,Production,03/30/2026 17:03:20,125,status/explorer,200,,OK,True,testuser
GET,Production,03/30/2026 17:03:20,59,api/employee/{id},400,,Bad Request,False,testuser
GET,Production,03/30/2026 17:03:20,68,api/department,200,,OK,True,testuser
GET,Production,03/30/2026 17:03:20,65,api/department/{id},400,,Bad Request,False,testuser
GET,Production,03/30/2026 17:03:20,145,sitemap.xml,200,,OK,True,testuser
GET,Production,03/30/2026 17:03:20,191,status,200,,OK,True,testuser
GET,Production,03/30/2026 17:03:20,446,status/explorer,200,,OK,True,testuser
GET,Production,03/30/2026 17:03:20,52,status,200,,OK,True,testuser
GET,Production,03/30/2026 17:03:20,55,status/explorer,200,,OK,True,testuser
GET,Production,03/30/2026 17:03:20,93,sitemap.xml,200,,OK,True,testuser
GET,Production,03/30/2026 17:03:20,50,api/department/{id},400,,Bad Request,False,testuser
GET,Production,03/30/2026 17:03:20,54,api/employee/{id},400,,Bad Request,False,testuser
POST,Production,03/30/2026 17:03:20,115,api/employee,400,,Bad Request,False,testuser
DELETE,Production,03/30/2026 17:03:20,166,api/employee/{id},400,,Bad Request,False,testuser
GET,Production,03/30/2026 17:03:20,121,api/employee,200,,OK,True,testuser
PUT,Production,03/30/2026 17:03:20,171,api/employee/{id},400,,Bad Request,False,testuser
DELETE,Production,03/30/2026 17:03:20,71,api/employee/{id},400,,Bad Request,False,testuser
POST,Production,03/30/2026 17:03:20,41,api/employee,400,,Bad Request,False,testuser
GET,Production,03/30/2026 17:03:20,131,api/department,200,,OK,True,testuser
GET,Production,03/30/2026 17:03:20,43,status/explorer,200,,OK,True,testuser
GET,Production,03/30/2026 17:03:20,52,api/employee,200,,OK,True,testuser
GET,Production,03/30/2026 17:03:20,40,api/department,200,,OK,True,testuser
GET,Production,03/30/2026 17:03:20,47,api/department/{id},400,,Bad Request,False,testuser
GET,Production,03/30/2026 17:03:20,67,sitemap.xml,200,,OK,True,testuser
GET,Production,03/30/2026 17:03:20,54,status,200,,OK,True,testuser
PUT,Production,03/30/2026 17:03:20,115,api/employee/{id},400,,Bad Request,False,testuser
PUT,Production,03/30/2026 17:03:20,33,api/employee/{id},400,,Bad Request,False,testuser
GET,Production,03/30/2026 17:03:20,43,api/employee/{id},400,,Bad Request,False,testuser
POST,Production,03/30/2026 17:03:20,72,api/employee,400,,Bad Request,False,testuser
GET,Production,03/30/2026 17:03:20,55,api/department,200,,OK,True,testuser
GET,Production,03/30/2026 17:03:20,69,api/employee,200,,OK,True,testuser
GET,Production,03/30/2026 17:03:20,78,sitemap.xml,200,,OK,True,testuser
GET,Production,03/30/2026 17:03:20,93,status/explorer,200,,OK,True,testuser
GET,Production,03/30/2026 17:03:20,93,status,200,,OK,True,testuser
POST,Production,03/30/2026 17:03:20,43,api/employee,400,,Bad Request,False,testuser
DELETE,Production,03/30/2026 17:03:20,83,api/employee/{id},400,,Bad Request,False,testuser
GET,Production,03/30/2026 17:03:20,83,api/employee,200,,OK,True,testuser
GET,Production,03/30/2026 17:03:20,49,status,200,,OK,True,testuser
PUT,Production,03/30/2026 17:03:21,120,api/employee/{id},400,,Bad Request,False,testuser
GET,Production,03/30/2026 17:03:21,168,sitemap.xml,200,,OK,True,testuser
GET,Production,03/30/2026 17:03:21,103,api/department/{id},400,,Bad Request,False,testuser
GET,Production,03/30/2026 17:03:21,190,status/explorer,200,,OK,True,testuser
DELETE,Production,03/30/2026 17:03:21,54,api/employee/{id},400,,Bad Request,False,testuser
GET,Production,03/30/2026 17:03:21,119,api/employee/{id},400,,Bad Request,False,testuser
PUT,Production,03/30/2026 17:03:21,154,api/employee/{id},400,,Bad Request,False,testuser
GET,Production,03/30/2026 17:03:21,332,api/department/{id},400,,Bad Request,False,testuser
GET,Production,03/30/2026 17:03:21,231,api/department,200,,OK,True,testuser
GET,Production,03/30/2026 17:03:21,92,api/employee,200,,OK,True,testuser
GET,Production,03/30/2026 17:03:21,91,status/explorer,200,,OK,True,testuser
GET,Production,03/30/2026 17:03:21,90,status,200,,OK,True,testuser
DELETE,Production,03/30/2026 17:03:21,417,api/employee/{id},400,,Bad Request,False,testuser
GET,Production,03/30/2026 17:03:21,435,api/employee/{id},400,,Bad Request,False,testuser
GET,Production,03/30/2026 17:03:21,64,api/employee/{id},400,,Bad Request,False,testuser
PUT,Production,03/30/2026 17:03:21,34,api/employee/{id},400,,Bad Request,False,testuser
GET,Production,03/30/2026 17:03:21,37,status/explorer,200,,OK,True,testuser
GET,Production,03/30/2026 17:03:21,153,sitemap.xml,200,,OK,True,testuser
GET,Production,03/30/2026 17:03:21,94,api/employee,200,,OK,True,testuser
GET,Production,03/30/2026 17:03:21,133,sitemap.xml,200,,OK,True,testuser
GET,Production,03/30/2026 17:03:21,121,status,200,,OK,True,testuser
GET,Production,03/30/2026 17:03:21,90,api/department,200,,OK,True,testuser
GET,Production,03/30/2026 17:03:21,95,api/department/{id},400,,Bad Request,False,testuser
DELETE,Production,03/30/2026 17:03:21,168,api/employee/{id},400,,Bad Request,False,testuser
GET,Production,03/30/2026 17:03:21,213,api/department/{id},400,,Bad Request,False,testuser
GET,Production,03/30/2026 17:03:21,232,api/department,200,,OK,True,testuser
POST,Production,03/30/2026 17:03:21,280,api/employee,400,,Bad Request,False,testuser
POST,Production,03/30/2026 17:03:21,169,api/employee,400,,Bad Request,False,testuser
GET,Production,03/30/2026 17:03:21,41,api/employee/{id},400,,Bad Request,False,testuser
POST,Production,03/30/2026 17:03:21,36,api/employee,400,,Bad Request,False,testuser
DELETE,Production,03/30/2026 17:03:21,45,api/employee/{id},400,,Bad Request,False,testuser
GET,Production,03/30/2026 17:03:21,49,api/employee,200,,OK,True,testuser
GET,Production,03/30/2026 17:03:21,69,sitemap.xml,200,,OK,True,testuser
GET,Production,03/30/2026 17:03:21,86,api/department/{id},400,,Bad Request,False,testuser
GET,Production,03/30/2026 17:03:21,86,api/employee/{id},400,,Bad Request,False,testuser
PUT,Production,03/30/2026 17:03:21,86,api/employee/{id},400,,Bad Request,False,testuser
DELETE,Production,03/30/2026 17:03:21,119,api/employee/{id},400,,Bad Request,False,testuser
GET,Production,03/30/2026 17:03:21,49,sitemap.xml,200,,OK,True,testuser
POST,Production,03/30/2026 17:03:21,79,api/employee,400,,Bad Request,False,testuser
GET,Production,03/30/2026 17:03:21,114,api/employee,200,,OK,True,testuser
GET,Production,03/30/2026 17:03:21,110,status/explorer,200,,OK,True,testuser
GET,Production,03/30/2026 17:03:21,207,api/department,200,,OK,True,testuser
GET,Production,03/30/2026 17:03:21,228,status/explorer,200,,OK,True,testuser
GET,Production,03/30/2026 17:03:21,219,status,200,,OK,True,testuser
PUT,Production,03/30/2026 17:03:21,253,api/employee/{id},400,,Bad Request,False,testuser
GET,Production,03/30/2026 17:03:21,95,api/department,200,,OK,True,testuser
GET,Production,03/30/2026 17:03:21,36,api/employee/{id},400,,Bad Request,False,testuser
GET,Production,03/30/2026 17:03:21,134,status,200,,OK,True,testuser
PUT,Production,03/30/2026 17:03:21,42,api/employee/{id},400,,Bad Request,False,testuser
DELETE,Production,03/30/2026 17:03:21,35,api/employee/{id},400,,Bad Request,False,testuser
GET,Production,03/30/2026 17:03:21,43,status,200,,OK,True,testuser
GET,Production,03/30/2026 17:03:21,54,status/explorer,200,,OK,True,testuser
POST,Production,03/30/2026 17:03:21,66,api/employee,400,,Bad Request,False,testuser
GET,Production,03/30/2026 17:03:21,50,api/department,200,,OK,True,testuser
GET,Production,03/30/2026 17:03:21,144,api/department/{id},400,,Bad Request,False,testuser
GET,Production,03/30/2026 17:03:21,76,sitemap.xml,200,,OK,True,testuser
DELETE,Production,03/30/2026 17:03:21,73,api/employee/{id},400,,Bad Request,False,testuser
GET,Production,03/30/2026 17:03:21,142,api/department/{id},400,,Bad Request,False,testuser
GET,Production,03/30/2026 17:03:21,112,api/employee,200,,OK,True,testuser
GET,Production,03/30/2026 17:03:21,124,sitemap.xml,200,,OK,True,testuser
GET,Production,03/30/2026 17:03:21,176,api/employee/{id},400,,Bad Request,False,testuser
POST,Production,03/30/2026 17:03:21,137,api/employee,400,,Bad Request,False,testuser
GET,Production,03/30/2026 17:03:21,146,api/employee,200,,OK,True,testuser
PUT,Production,03/30/2026 17:03:21,215,api/employee/{id},400,,Bad Request,False,testuser
GET,Production,03/30/2026 17:03:21,81,api/department,200,,OK,True,testuser
GET,Production,03/30/2026 17:03:21,83,api/department/{id},400,,Bad Request,False,testuser
DELETE,Production,03/30/2026 17:03:21,107,api/employee/{id},400,,Bad Request,False,testuser
GET,Production,03/30/2026 17:03:21,63,sitemap.xml,200,,OK,True,testuser
GET,Production,03/30/2026 17:03:21,89,status,200,,OK,True,testuser
PUT,Production,03/30/2026 17:03:21,146,api/employee/{id},400,,Bad Request,False,testuser
GET,Production,03/30/2026 17:03:21,100,status/explorer,200,,OK,True,testuser
GET,Production,03/30/2026 17:03:21,139,api/employee,200,,OK,True,testuser
GET,Production,03/30/2026 17:03:21,283,status/explorer,200,,OK,True,testuser
GET,Production,03/30/2026 17:03:21,57,api/department/{id},400,,Bad Request,False,testuser
GET,Production,03/30/2026 17:03:21,31,api/employee/{id},400,,Bad Request,False,testuser
GET,Production,03/30/2026 17:03:22,64,api/department,200,,OK,True,testuser
POST,Production,03/30/2026 17:03:22,135,api/employee,400,,Bad Request,False,testuser
GET,Production,03/30/2026 17:03:22,283,status,200,,OK,True,testuser
PUT,Production,03/30/2026 17:03:22,42,api/employee/{id},400,,Bad Request,False,testuser
DELETE,Production,03/30/2026 17:03:22,60,api/employee/{id},400,,Bad Request,False,testuser
GET,Production,03/30/2026 17:03:22,108,sitemap.xml,200,,OK,True,testuser
GET,Production,03/30/2026 17:03:22,106,status/explorer,200,,OK,True,testuser
GET,Production,03/30/2026 17:03:22,318,api/employee/{id},400,,Bad Request,False,testuser
POST,Production,03/30/2026 17:03:22,131,api/employee,400,,Bad Request,False,testuser
GET,Production,03/30/2026 17:03:22,113,api/department,200,,OK,True,testuser
GET,Production,03/30/2026 17:03:22,121,status,200,,OK,True,testuser
GET,Production,03/30/2026 17:03:22,146,api/employee,200,,OK,True,testuser
PUT,Production,03/30/2026 17:03:22,31,api/employee/{id},400,,Bad Request,False,testuser
DELETE,Production,03/30/2026 17:03:22,34,api/employee/{id},400,,Bad Request,False,testuser
GET,Production,03/30/2026 17:03:22,130,api/employee/{id},400,,Bad Request,False,testuser
POST,Production,03/30/2026 17:03:22,37,api/employee,400,,Bad Request,False,testuser
GET,Production,03/30/2026 17:03:22,89,status/explorer,200,,OK,True,testuser
GET,Production,03/30/2026 17:03:22,71,api/employee,200,,OK,True,testuser
PUT,Production,03/30/2026 17:03:22,67,api/employee/{id},400,,Bad Request,False,testuser
GET,Production,03/30/2026 17:03:22,90,api/department,200,,OK,True,testuser
GET,Production,03/30/2026 17:03:22,105,sitemap.xml,200,,OK,True,testuser
GET,Production,03/30/2026 17:03:22,90,api/department/{id},400,,Bad Request,False,testuser
GET,Production,03/30/2026 17:03:22,88,api/employee/{id},400,,Bad Request,False,testuser
GET,Production,03/30/2026 17:03:22,106,status,200,,OK,True,testuser
GET,Production,03/30/2026 17:03:22,221,api/department/{id},400,,Bad Request,False,testuser
POST,Production,03/30/2026 17:03:22,38,api/employee,400,,Bad Request,False,testuser
GET,Production,03/30/2026 17:03:22,38,api/employee,200,,OK,True,testuser
GET,Production,03/30/2026 17:03:22,40,sitemap.xml,200,,OK,True,testuser
GET,Production,03/30/2026 17:03:22,36,status/explorer,200,,OK,True,testuser
DELETE,Production,03/30/2026 17:03:22,138,api/employee/{id},400,,Bad Request,False,testuser
GET,Production,03/30/2026 17:03:22,60,api/department/{id},400,,Bad Request,False,testuser
GET,Production,03/30/2026 17:03:22,85,api/employee/{id},400,,Bad Request,False,testuser
GET,Production,03/30/2026 17:03:22,124,api/employee,200,,OK,True,testuser
GET,Production,03/30/2026 17:03:22,149,status/explorer,200,,OK,True,testuser
GET,Production,03/30/2026 17:03:22,185,sitemap.xml,200,,OK,True,testuser
PUT,Production,03/30/2026 17:03:22,214,api/employee/{id},400,,Bad Request,False,testuser
DELETE,Production,03/30/2026 17:03:22,200,api/employee/{id},400,,Bad Request,False,testuser
POST,Production,03/30/2026 17:03:22,197,api/employee,400,,Bad Request,False,testuser
GET,Production,03/30/2026 17:03:22,238,api/department,200,,OK,True,testuser
GET,Production,03/30/2026 17:03:22,241,status,200,,OK,True,testuser
GET,Production,03/30/2026 17:03:22,34,api/department/{id},400,,Bad Request,False,testuser
PUT,Production,03/30/2026 17:03:22,37,api/employee/{id},400,,Bad Request,False,testuser
GET,Production,03/30/2026 17:03:22,134,api/department,200,,OK,True,testuser
GET,Production,03/30/2026 17:03:22,40,api/employee/{id},400,,Bad Request,False,testuser
DELETE,Production,03/30/2026 17:03:22,37,api/employee/{id},400,,Bad Request,False,testuser
GET,Production,03/30/2026 17:03:22,225,status,200,,OK,True,testuser
GET,Production,03/30/2026 17:03:22,42,api/employee,200,,OK,True,testuser
GET,Production,03/30/2026 17:03:22,68,api/department/{id},400,,Bad Request,False,testuser
GET,Production,03/30/2026 17:03:22,68,api/employee/{id},400,,Bad Request,False,testuser
GET,Production,03/30/2026 17:03:22,81,status,200,,OK,True,testuser
GET,Production,03/30/2026 17:03:22,95,sitemap.xml,200,,OK,True,testuser
GET,Production,03/30/2026 17:03:22,130,status/explorer,200,,OK,True,testuser
GET,Production,03/30/2026 17:03:22,42,sitemap.xml,200,,OK,True,testuser
PUT,Production,03/30/2026 17:03:22,112,api/employee/{id},400,,Bad Request,False,testuser
GET,Production,03/30/2026 17:03:22,50,api/employee,200,,OK,True,testuser
POST,Production,03/30/2026 17:03:22,159,api/employee,400,,Bad Request,False,testuser
GET,Production,03/30/2026 17:03:22,68,status/explorer,200,,OK,True,testuser
GET,Production,03/30/2026 17:03:22,71,status,200,,OK,True,testuser
GET,Production,03/30/2026 17:03:22,70,api/department/{id},400,,Bad Request,False,testuser
GET,Production,03/30/2026 17:03:22,71,api/employee/{id},400,,Bad Request,False,testuser
GET,Production,03/30/2026 17:03:22,48,api/employee,200,,OK,True,testuser
DELETE,Production,03/30/2026 17:03:22,133,api/employee/{id},400,,Bad Request,False,testuser
POST,Production,03/30/2026 17:03:22,162,api/employee,400,,Bad Request,False,testuser
GET,Production,03/30/2026 17:03:22,79,sitemap.xml,200,,OK,True,testuser
GET,Production,03/30/2026 17:03:22,75,status/explorer,200,,OK,True,testuser
POST,Production,03/30/2026 17:03:22,150,api/employee,400,,Bad Request,False,testuser
GET,Production,03/30/2026 17:03:22,360,api/department,200,,OK,True,testuser
GET,Production,03/30/2026 17:03:22,163,api/department,200,,OK,True,testuser
GET,Production,03/30/2026 17:03:22,167,status,200,,OK,True,testuser
GET,Production,03/30/2026 17:03:22,102,api/department/{id},400,,Bad Request,False,testuser
DELETE,Production,03/30/2026 17:03:22,238,api/employee/{id},400,,Bad Request,False,testuser
POST,Production,03/30/2026 17:03:22,47,api/employee,400,,Bad Request,False,testuser
DELETE,Production,03/30/2026 17:03:22,57,api/employee/{id},400,,Bad Request,False,testuser
GET,Production,03/30/2026 17:03:22,304,api/department,200,,OK,True,testuser
PUT,Production,03/30/2026 17:03:22,298,api/employee/{id},400,,Bad Request,False,testuser
GET,Production,03/30/2026 17:03:22,157,api/employee/{id},400,,Bad Request,False,testuser
PUT,Production,03/30/2026 17:03:22,34,api/employee/{id},400,,Bad Request,False,testuser
GET,Production,03/30/2026 17:03:22,41,api/department/{id},400,,Bad Request,False,testuser
GET,Production,03/30/2026 17:03:22,66,api/employee/{id},400,,Bad Request,False,testuser
DELETE,Production,03/30/2026 17:03:22,35,api/employee/{id},400,,Bad Request,False,testuser
GET,Production,03/30/2026 17:03:22,129,api/employee,200,,OK,True,testuser
GET,Production,03/30/2026 17:03:22,82,api/department,200,,OK,True,testuser
GET,Production,03/30/2026 17:03:22,128,sitemap.xml,200,,OK,True,testuser
POST,Production,03/30/2026 17:03:23,52,api/employee,400,,Bad Request,False,testuser
GET,Production,03/30/2026 17:03:23,47,status/explorer,200,,OK,True,testuser
GET,Production,03/30/2026 17:03:23,56,sitemap.xml,200,,OK,True,testuser
GET,Production,03/30/2026 17:03:23,138,status,200,,OK,True,testuser
GET,Production,03/30/2026 17:03:23,240,status/explorer,200,,OK,True,testuser
PUT,Production,03/30/2026 17:03:23,73,api/employee/{id},400,,Bad Request,False,testuser
GET,Production,03/30/2026 17:03:23,121,api/department,200,,OK,True,testuser
GET,Production,03/30/2026 17:03:23,125,status,200,,OK,True,testuser
GET,Production,03/30/2026 17:03:23,86,api/employee/{id},400,,Bad Request,False,testuser
POST,Production,03/30/2026 17:03:23,78,api/employee,400,,Bad Request,False,testuser
GET,Production,03/30/2026 17:03:23,102,sitemap.xml,200,,OK,True,testuser
GET,Production,03/30/2026 17:03:23,138,api/employee,200,,OK,True,testuser
GET,Production,03/30/2026 17:03:23,131,status/explorer,200,,OK,True,testuser
GET,Production,03/30/2026 17:03:23,128,status,200,,OK,True,testuser
DELETE,Production,03/30/2026 17:03:23,218,api/employee/{id},400,,Bad Request,False,testuser
PUT,Production,03/30/2026 17:03:23,500,api/employee/{id},400,,Bad Request,False,testuser
GET,Production,03/30/2026 17:03:23,89,api/department/{id},400,,Bad Request,False,testuser
PUT,Production,03/30/2026 17:03:23,35,api/employee/{id},400,,Bad Request,False,testuser
DELETE,Production,03/30/2026 17:03:23,56,api/employee/{id},400,,Bad Request,False,testuser
GET,Production,03/30/2026 17:03:23,73,sitemap.xml,200,,OK,True,testuser
POST,Production,03/30/2026 17:03:23,80,api/employee,400,,Bad Request,False,testuser
GET,Production,03/30/2026 17:03:23,66,status/explorer,200,,OK,True,testuser
GET,Production,03/30/2026 17:03:23,317,api/department/{id},400,,Bad Request,False,testuser
GET,Production,03/30/2026 17:03:23,201,api/department,200,,OK,True,testuser
GET,Production,03/30/2026 17:03:23,402,api/employee,200,,OK,True,testuser
GET,Production,03/30/2026 17:03:23,133,api/employee,200,,OK,True,testuser
GET,Production,03/30/2026 17:03:23,101,api/employee/{id},400,,Bad Request,False,testuser
GET,Production,03/30/2026 17:03:23,102,api/department/{id},400,,Bad Request,False,testuser
GET,Production,03/30/2026 17:03:23,167,status,200,,OK,True,testuser
GET,Production,03/30/2026 17:03:23,97,api/employee,200,,OK,True,testuser
GET,Production,03/30/2026 17:03:23,119,api/department,200,,OK,True,testuser
GET,Production,03/30/2026 17:03:23,221,api/employee/{id},400,,Bad Request,False,testuser
GET,Production,03/30/2026 17:03:23,35,sitemap.xml,200,,OK,True,testuser
GET,Production,03/30/2026 17:03:23,62,status,200,,OK,True,testuser
DELETE,Production,03/30/2026 17:03:23,194,api/employee/{id},400,,Bad Request,False,testuser
GET,Production,03/30/2026 17:03:23,123,status/explorer,200,,OK,True,testuser
PUT,Production,03/30/2026 17:03:23,110,api/employee/{id},400,,Bad Request,False,testuser
GET,Production,03/30/2026 17:03:23,123,api/employee/{id},400,,Bad Request,False,testuser
GET,Production,03/30/2026 17:03:23,128,api/department,200,,OK,True,testuser
POST,Production,03/30/2026 17:03:23,53,api/employee,400,,Bad Request,False,testuser
GET,Production,03/30/2026 17:03:23,52,sitemap.xml,200,,OK,True,testuser
PUT,Production,03/30/2026 17:03:23,303,api/employee/{id},400,,Bad Request,False,testuser
GET,Production,03/30/2026 17:03:23,78,status/explorer,200,,OK,True,testuser
GET,Production,03/30/2026 17:03:23,99,status,200,,OK,True,testuser
GET,Production,03/30/2026 17:03:23,35,api/department/{id},400,,Bad Request,False,testuser
GET,Production,03/30/2026 17:03:23,68,api/department,200,,OK,True,testuser
GET,Production,03/30/2026 17:03:23,233,api/department/{id},400,,Bad Request,False,testuser
GET,Production,03/30/2026 17:03:23,47,api/employee/{id},400,,Bad Request,False,testuser
PUT,Production,03/30/2026 17:03:23,47,api/employee/{id},400,,Bad Request,False,testuser
POST,Production,03/30/2026 17:03:23,262,api/employee,400,,Bad Request,False,testuser
DELETE,Production,03/30/2026 17:03:23,56,api/employee/{id},400,,Bad Request,False,testuser
POST,Production,03/30/2026 17:03:23,32,api/employee,400,,Bad Request,False,testuser
GET,Production,03/30/2026 17:03:23,36,sitemap.xml,200,,OK,True,testuser
GET,Production,03/30/2026 17:03:23,44,api/employee,200,,OK,True,testuser
GET,Production,03/30/2026 17:03:23,42,status/explorer,200,,OK,True,testuser
DELETE,Production,03/30/2026 17:03:23,227,api/employee/{id},400,,Bad Request,False,testuser
GET,Production,03/30/2026 17:03:23,90,status,200,,OK,True,testuser
GET,Production,03/30/2026 17:03:23,92,api/department,200,,OK,True,testuser
GET,Production,03/30/2026 17:03:23,83,api/department/{id},400,,Bad Request,False,testuser
DELETE,Production,03/30/2026 17:03:23,103,api/employee/{id},400,,Bad Request,False,testuser
GET,Production,03/30/2026 17:03:23,97,api/employee,200,,OK,True,testuser
GET,Production,03/30/2026 17:03:23,114,api/employee/{id},400,,Bad Request,False,testuser
PUT,Production,03/30/2026 17:03:23,113,api/employee/{id},400,,Bad Request,False,testuser
GET,Production,03/30/2026 17:03:23,304,api/employee,200,,OK,True,testuser
GET,Production,03/30/2026 17:03:23,63,status/explorer,200,,OK,True,testuser
GET,Production,03/30/2026 17:03:23,36,api/department,200,,OK,True,testuser
PUT,Production,03/30/2026 17:03:23,32,api/employee/{id},400,,Bad Request,False,testuser
GET,Production,03/30/2026 17:03:23,34,api/employee/{id},400,,Bad Request,False,testuser
GET,Production,03/30/2026 17:03:23,48,status,200,,OK,True,testuser
GET,Production,03/30/2026 17:03:23,38,api/department/{id},400,,Bad Request,False,testuser
DELETE,Production,03/30/2026 17:03:23,41,api/employee/{id},400,,Bad Request,False,testuser
GET,Production,03/30/2026 17:03:23,126,sitemap.xml,200,,OK,True,testuser
GET,Production,03/30/2026 17:03:23,37,api/employee,200,,OK,True,testuser
POST,Production,03/30/2026 17:03:23,179,api/employee,400,,Bad Request,False,testuser
GET,Production,03/30/2026 17:03:23,49,api/department,200,,OK,True,testuser
GET,Production,03/30/2026 17:03:23,44,api/employee/{id},400,,Bad Request,False,testuser
GET,Production,03/30/2026 17:03:23,76,status,200,,OK,True,testuser
GET,Production,03/30/2026 17:03:23,77,api/department/{id},400,,Bad Request,False,testuser
PUT,Production,03/30/2026 17:03:23,68,api/employee/{id},400,,Bad Request,False,testuser
GET,Production,03/30/2026 17:03:23,99,sitemap.xml,200,,OK,True,testuser
POST,Production,03/30/2026 17:03:23,108,api/employee,400,,Bad Request,False,testuser
GET,Production,03/30/2026 17:03:24,67,api/department/{id},400,,Bad Request,False,testuser
DELETE,Production,03/30/2026 17:03:24,111,api/employee/{id},400,,Bad Request,False,testuser
GET,Production,03/30/2026 17:03:24,77,api/department,200,,OK,True,testuser
GET,Production,03/30/2026 17:03:24,84,status,200,,OK,True,testuser
GET,Production,03/30/2026 17:03:24,90,status/explorer,200,,OK,True,testuser
POST,Production,03/30/2026 17:03:24,117,api/employee,400,,Bad Request,False,testuser
GET,Production,03/30/2026 17:03:24,123,api/employee,200,,OK,True,testuser
PUT,Production,03/30/2026 17:03:24,102,api/employee/{id},400,,Bad Request,False,testuser
GET,Production,03/30/2026 17:03:24,96,sitemap.xml,200,,OK,True,testuser
GET,Production,03/30/2026 17:03:24,215,sitemap.xml,200,,OK,True,testuser
DELETE,Production,03/30/2026 17:03:24,136,api/employee/{id},400,,Bad Request,False,testuser
GET,Production,03/30/2026 17:03:24,156,status/explorer,200,,OK,True,testuser
GET,Production,03/30/2026 17:03:24,67,api/department,200,,OK,True,testuser
GET,Production,03/30/2026 17:03:24,96,status,200,,OK,True,testuser
GET,Production,03/30/2026 17:03:24,344,status/explorer,200,,OK,True,testuser
DELETE,Production,03/30/2026 17:03:24,34,api/employee/{id},400,,Bad Request,False,testuser
GET,Production,03/30/2026 17:03:24,93,api/employee/{id},400,,Bad Request,False,testuser
GET,Production,03/30/2026 17:03:24,50,sitemap.xml,200,,OK,True,testuser
POST,Production,03/30/2026 17:03:24,229,api/employee,400,,Bad Request,False,testuser
GET,Production,03/30/2026 17:03:24,227,api/employee,200,,OK,True,testuser
GET,Production,03/30/2026 17:03:24,50,status,200,,OK,True,testuser
GET,Production,03/30/2026 17:03:24,316,api/employee/{id},400,,Bad Request,False,testuser
GET,Production,03/30/2026 17:03:24,172,api/department/{id},400,,Bad Request,False,testuser
PUT,Production,03/30/2026 17:03:24,121,api/employee/{id},400,,Bad Request,False,testuser
PUT,Production,03/30/2026 17:03:24,44,api/employee/{id},400,,Bad Request,False,testuser
GET,Production,03/30/2026 17:03:24,89,api/employee/{id},400,,Bad Request,False,testuser
GET,Production,03/30/2026 17:03:24,42,api/employee,200,,OK,True,testuser
GET,Production,03/30/2026 17:03:24,92,api/department/{id},400,,Bad Request,False,testuser
GET,Production,03/30/2026 17:03:24,93,api/department,200,,OK,True,testuser
POST,Production,03/30/2026 17:03:24,167,api/employee,400,,Bad Request,False,testuser
GET,Production,03/30/2026 17:03:24,173,api/employee,200,,OK,True,testuser
GET,Production,03/30/2026 17:03:24,67,status,200,,OK,True,testuser
GET,Production,03/30/2026 17:03:24,201,status/explorer,200,,OK,True,testuser
GET,Production,03/30/2026 17:03:24,116,api/employee/{id},400,,Bad Request,False,testuser
GET,Production,03/30/2026 17:03:24,159,api/department,200,,OK,True,testuser
GET,Production,03/30/2026 17:03:24,197,status/explorer,200,,OK,True,testuser
POST,Production,03/30/2026 17:03:24,231,api/employee,400,,Bad Request,False,testuser
POST,Production,03/30/2026 17:03:24,97,api/employee,400,,Bad Request,False,testuser
GET,Production,03/30/2026 17:03:24,69,sitemap.xml,200,,OK,True,testuser
DELETE,Production,03/30/2026 17:03:24,163,api/employee/{id},400,,Bad Request,False,testuser
GET,Production,03/30/2026 17:03:24,157,api/employee,200,,OK,True,testuser
DELETE,Production,03/30/2026 17:03:24,321,api/employee/{id},400,,Bad Request,False,testuser
GET,Production,03/30/2026 17:03:24,277,sitemap.xml,200,,OK,True,testuser
PUT,Production,03/30/2026 17:03:24,212,api/employee/{id},400,,Bad Request,False,testuser
GET,Production,03/30/2026 17:03:24,279,api/department/{id},400,,Bad Request,False,testuser
GET,Production,03/30/2026 17:03:24,33,api/employee/{id},400,,Bad Request,False,testuser
GET,Production,03/30/2026 17:03:24,37,api/department/{id},400,,Bad Request,False,testuser
GET,Production,03/30/2026 17:03:24,52,status,200,,OK,True,testuser
GET,Production,03/30/2026 17:03:24,86,status/explorer,200,,OK,True,testuser
PUT,Production,03/30/2026 17:03:24,81,api/employee/{id},400,,Bad Request,False,testuser
DELETE,Production,03/30/2026 17:03:24,75,api/employee/{id},400,,Bad Request,False,testuser
POST,Production,03/30/2026 17:03:24,70,api/employee,400,,Bad Request,False,testuser
GET,Production,03/30/2026 17:03:24,54,status,200,,OK,True,testuser
GET,Production,03/30/2026 17:03:24,75,sitemap.xml,200,,OK,True,testuser
GET,Production,03/30/2026 17:03:24,70,status/explorer,200,,OK,True,testuser
GET,Production,03/30/2026 17:03:24,110,api/department,200,,OK,True,testuser
GET,Production,03/30/2026 17:03:24,93,api/employee,200,,OK,True,testuser
DELETE,Production,03/30/2026 17:03:24,59,api/employee/{id},400,,Bad Request,False,testuser
GET,Production,03/30/2026 17:03:24,55,api/employee,200,,OK,True,testuser
POST,Production,03/30/2026 17:03:24,77,api/employee,400,,Bad Request,False,testuser
GET,Production,03/30/2026 17:03:24,76,sitemap.xml,200,,OK,True,testuser
GET,Production,03/30/2026 17:03:24,123,api/employee/{id},400,,Bad Request,False,testuser
GET,Production,03/30/2026 17:03:24,163,api/department,200,,OK,True,testuser
GET,Production,03/30/2026 17:03:24,63,status,200,,OK,True,testuser
PUT,Production,03/30/2026 17:03:24,133,api/employee/{id},400,,Bad Request,False,testuser
GET,Production,03/30/2026 17:03:24,175,api/department/{id},400,,Bad Request,False,testuser
GET,Production,03/30/2026 17:03:24,61,api/department/{id},400,,Bad Request,False,testuser
PUT,Production,03/30/2026 17:03:24,34,api/employee/{id},400,,Bad Request,False,testuser
POST,Production,03/30/2026 17:03:24,33,api/employee,400,,Bad Request,False,testuser
DELETE,Production,03/30/2026 17:03:24,39,api/employee/{id},400,,Bad Request,False,testuser
GET,Production,03/30/2026 17:03:24,44,api/employee,200,,OK,True,testuser
GET,Production,03/30/2026 17:03:24,107,api/employee/{id},400,,Bad Request,False,testuser
GET,Production,03/30/2026 17:03:24,78,api/department,200,,OK,True,testuser
GET,Production,03/30/2026 17:03:24,75,api/employee/{id},400,,Bad Request,False,testuser
GET,Production,03/30/2026 17:03:24,78,api/department/{id},400,,Bad Request,False,testuser
GET,Production,03/30/2026 17:03:24,108,sitemap.xml,200,,OK,True,testuser
GET,Production,03/30/2026 17:03:24,109,status/explorer,200,,OK,True,testuser
GET,Production,03/30/2026 17:03:24,97,status,200,,OK,True,testuser
PUT,Production,03/30/2026 17:03:24,80,api/employee/{id},400,,Bad Request,False,testuser
POST,Production,03/30/2026 17:03:24,40,api/employee,400,,Bad Request,False,testuser
GET,Production,03/30/2026 17:03:24,44,sitemap.xml,200,,OK,True,testuser
GET,Production,03/30/2026 17:03:24,48,api/employee,200,,OK,True,testuser
DELETE,Production,03/30/2026 17:03:24,60,api/employee/{id},400,,Bad Request,False,testuser
GET,Production,03/30/2026 17:03:24,235,api/department,200,,OK,True,testuser
GET,Production,03/30/2026 17:03:24,241,status/explorer,200,,OK,True,testuser
GET,Production,03/30/2026 17:03:25,92,status,200,,OK,True,testuser
PUT,Production,03/30/2026 17:03:25,57,api/employee/{id},400,,Bad Request,False,testuser
GET,Production,03/30/2026 17:03:25,50,api/employee,200,,OK,True,testuser
DELETE,Production,03/30/2026 17:03:25,56,api/employee/{id},400,,Bad Request,False,testuser
GET,Production,03/30/2026 17:03:25,68,api/employee/{id},400,,Bad Request,False,testuser
GET,Production,03/30/2026 17:03:25,84,api/department,200,,OK,True,testuser
GET,Production,03/30/2026 17:03:25,112,status/explorer,200,,OK,True,testuser
POST,Production,03/30/2026 17:03:25,66,api/employee,400,,Bad Request,False,testuser
GET,Production,03/30/2026 17:03:25,68,sitemap.xml,200,,OK,True,testuser
GET,Production,03/30/2026 17:03:25,92,api/department/{id},400,,Bad Request,False,testuser
GET,Production,03/30/2026 17:03:25,32,api/department/{id},400,,Bad Request,False,testuser
GET,Production,03/30/2026 17:03:25,38,status/explorer,200,,OK,True,testuser
GET,Production,03/30/2026 17:03:25,37,status,200,,OK,True,testuser
POST,Production,03/30/2026 17:03:25,51,api/employee,400,,Bad Request,False,testuser
GET,Production,03/30/2026 17:03:25,76,api/department,200,,OK,True,testuser
DELETE,Production,03/30/2026 17:03:25,66,api/employee/{id},400,,Bad Request,False,testuser
PUT,Production,03/30/2026 17:03:25,67,api/employee/{id},400,,Bad Request,False,testuser
GET,Production,03/30/2026 17:03:25,80,api/employee/{id},400,,Bad Request,False,testuser
GET,Production,03/30/2026 17:03:25,62,status,200,,OK,True,testuser
GET,Production,03/30/2026 17:03:25,67,api/department,200,,OK,True,testuser
GET,Production,03/30/2026 17:03:25,85,sitemap.xml,200,,OK,True,testuser
GET,Production,03/30/2026 17:03:25,37,api/department/{id},400,,Bad Request,False,testuser
GET,Production,03/30/2026 17:03:25,86,status/explorer,200,,OK,True,testuser
GET,Production,03/30/2026 17:03:25,41,api/employee,200,,OK,True,testuser
GET,Production,03/30/2026 17:03:25,109,api/employee,200,,OK,True,testuser
PUT,Production,03/30/2026 17:03:25,51,api/employee/{id},400,,Bad Request,False,testuser
POST,Production,03/30/2026 17:03:25,57,api/employee,400,,Bad Request,False,testuser
GET,Production,03/30/2026 17:03:25,56,sitemap.xml,200,,OK,True,testuser
GET,Production,03/30/2026 17:03:25,37,api/department/{id},400,,Bad Request,False,testuser
GET,Production,03/30/2026 17:03:25,50,status,200,,OK,True,testuser
GET,Production,03/30/2026 17:03:25,49,api/department,200,,OK,True,testuser
GET,Production,03/30/2026 17:03:25,65,status/explorer,200,,OK,True,testuser
DELETE,Production,03/30/2026 17:03:25,97,api/employee/{id},400,,Bad Request,False,testuser
GET,Production,03/30/2026 17:03:25,125,api/employee/{id},400,,Bad Request,False,testuser
GET,Production,03/30/2026 17:03:25,75,api/employee/{id},400,,Bad Request,False,testuser
PUT,Production,03/30/2026 17:03:25,77,api/employee/{id},400,,Bad Request,False,testuser
GET,Production,03/30/2026 17:03:25,49,api/employee,200,,OK,True,testuser
GET,Production,03/30/2026 17:03:25,42,status/explorer,200,,OK,True,testuser
DELETE,Production,03/30/2026 17:03:25,63,api/employee/{id},400,,Bad Request,False,testuser
GET,Production,03/30/2026 17:03:25,59,sitemap.xml,200,,OK,True,testuser
POST,Production,03/30/2026 17:03:25,63,api/employee,400,,Bad Request,False,testuser
GET,Production,03/30/2026 17:03:25,33,api/department,200,,OK,True,testuser
PUT,Production,03/30/2026 17:03:25,37,api/employee/{id},400,,Bad Request,False,testuser
DELETE,Production,03/30/2026 17:03:25,65,api/employee/{id},400,,Bad Request,False,testuser
GET,Production,03/30/2026 17:03:25,50,status,200,,OK,True,testuser
GET,Production,03/30/2026 17:03:25,39,api/department,200,,OK,True,testuser
POST,Production,03/30/2026 17:03:25,67,api/employee,400,,Bad Request,False,testuser
GET,Production,03/30/2026 17:03:25,71,sitemap.xml,200,,OK,True,testuser
GET,Production,03/30/2026 17:03:25,98,api/department/{id},400,,Bad Request,False,testuser
GET,Production,03/30/2026 17:03:25,101,status,200,,OK,True,testuser
GET,Production,03/30/2026 17:03:25,102,api/employee/{id},400,,Bad Request,False,testuser
GET,Production,03/30/2026 17:03:25,82,status/explorer,200,,OK,True,testuser
GET,Production,03/30/2026 17:03:25,94,api/employee,200,,OK,True,testuser
POST,Production,03/30/2026 17:03:25,44,api/employee,400,,Bad Request,False,testuser
GET,Production,03/30/2026 17:03:25,43,sitemap.xml,200,,OK,True,testuser
GET,Production,03/30/2026 17:03:25,92,api/employee/{id},400,,Bad Request,False,testuser
GET,Production,03/30/2026 17:03:25,69,status/explorer,200,,OK,True,testuser
GET,Production,03/30/2026 17:03:25,81,api/employee,200,,OK,True,testuser
GET,Production,03/30/2026 17:03:25,108,api/department/{id},400,,Bad Request,False,testuser
PUT,Production,03/30/2026 17:03:25,100,api/employee/{id},400,,Bad Request,False,testuser
DELETE,Production,03/30/2026 17:03:25,43,api/employee/{id},400,,Bad Request,False,testuser
GET,Production,03/30/2026 17:03:25,55,api/employee/{id},400,,Bad Request,False,testuser
GET,Production,03/30/2026 17:03:25,39,api/employee,200,,OK,True,testuser
PUT,Production,03/30/2026 17:03:25,84,api/employee/{id},400,,Bad Request,False,testuser
POST,Production,03/30/2026 17:03:25,84,api/employee,400,,Bad Request,False,testuser
DELETE,Production,03/30/2026 17:03:25,185,api/employee/{id},400,,Bad Request,False,testuser
GET,Production,03/30/2026 17:03:25,104,api/department/{id},400,,Bad Request,False,testuser
GET,Production,03/30/2026 17:03:25,176,status,200,,OK,True,testuser
GET,Production,03/30/2026 17:03:25,70,status/explorer,200,,OK,True,testuser
GET,Production,03/30/2026 17:03:25,34,api/department,200,,OK,True,testuser
GET,Production,03/30/2026 17:03:25,73,status,200,,OK,True,testuser
GET,Production,03/30/2026 17:03:25,38,api/department/{id},400,,Bad Request,False,testuser
PUT,Production,03/30/2026 17:03:25,98,api/employee/{id},400,,Bad Request,False,testuser
GET,Production,03/30/2026 17:03:25,77,sitemap.xml,200,,OK,True,testuser
POST,Production,03/30/2026 17:03:25,81,api/employee,400,,Bad Request,False,testuser
GET,Production,03/30/2026 17:03:25,98,api/employee,200,,OK,True,testuser
GET,Production,03/30/2026 17:03:25,231,sitemap.xml,200,,OK,True,testuser
DELETE,Production,03/30/2026 17:03:25,173,api/employee/{id},400,,Bad Request,False,testuser
GET,Production,03/30/2026 17:03:25,76,api/department/{id},400,,Bad Request,False,testuser
GET,Production,03/30/2026 17:03:25,77,api/employee/{id},400,,Bad Request,False,testuser
GET,Production,03/30/2026 17:03:25,157,status/explorer,200,,OK,True,testuser
GET,Production,03/30/2026 17:03:25,358,api/department,200,,OK,True,testuser
GET,Production,03/30/2026 17:03:25,98,api/department,200,,OK,True,testuser
GET,Production,03/30/2026 17:03:25,201,api/employee/{id},400,,Bad Request,False,testuser
DELETE,Production,03/30/2026 17:03:25,32,api/employee/{id},400,,Bad Request,False,testuser
POST,Production,03/30/2026 17:03:25,35,api/employee,400,,Bad Request,False,testuser
GET,Production,03/30/2026 17:03:25,37,sitemap.xml,200,,OK,True,testuser
PUT,Production,03/30/2026 17:03:25,45,api/employee/{id},400,,Bad Request,False,testuser
PUT,Production,03/30/2026 17:03:25,72,api/employee/{id},400,,Bad Request,False,testuser
GET,Production,03/30/2026 17:03:25,113,api/department/{id},400,,Bad Request,False,testuser
GET,Production,03/30/2026 17:03:25,111,api/employee,200,,OK,True,testuser
DELETE,Production,03/30/2026 17:03:25,125,api/employee/{id},400,,Bad Request,False,testuser
GET,Production,03/30/2026 17:03:25,145,api/employee/{id},400,,Bad Request,False,testuser
GET,Production,03/30/2026 17:03:25,160,status,200,,OK,True,testuser
GET,Production,03/30/2026 17:03:25,172,status/explorer,200,,OK,True,testuser
GET,Production,03/30/2026 17:03:25,334,status,200,,OK,True,testuser
GET,Production,03/30/2026 17:03:25,170,api/department,200,,OK,True,testuser
GET,Production,03/30/2026 17:03:25,32,status/explorer,200,,OK,True,testuser
POST,Production,03/30/2026 17:03:25,66,api/employee,400,,Bad Request,False,testuser
GET,Production,03/30/2026 17:03:25,51,api/employee/{id},400,,Bad Request,False,testuser
GET,Production,03/30/2026 17:03:25,192,api/employee,200,,OK,True,testuser
GET,Production,03/30/2026 17:03:25,114,api/department,200,,OK,True,testuser
PUT,Production,03/30/2026 17:03:25,111,api/employee/{id},400,,Bad Request,False,testuser
POST,Production,03/30/2026 17:03:25,69,api/employee,400,,Bad Request,False,testuser
DELETE,Production,03/30/2026 17:03:25,108,api/employee/{id},400,,Bad Request,False,testuser
GET,Production,03/30/2026 17:03:26,128,api/department/{id},400,,Bad Request,False,testuser
GET,Production,03/30/2026 17:03:26,139,status,200,,OK,True,testuser
GET,Production,03/30/2026 17:03:26,147,sitemap.xml,200,,OK,True,testuser
GET,Production,03/30/2026 17:03:26,85,sitemap.xml,200,,OK,True,testuser
GET,Production,03/30/2026 17:03:26,63,status,200,,OK,True,testuser
GET,Production,03/30/2026 17:03:26,153,api/employee,200,,OK,True,testuser
PUT,Production,03/30/2026 17:03:26,77,api/employee/{id},400,,Bad Request,False,testuser
GET,Production,03/30/2026 17:03:26,91,api/employee/{id},400,,Bad Request,False,testuser
GET,Production,03/30/2026 17:03:26,76,api/employee,200,,OK,True,testuser
DELETE,Production,03/30/2026 17:03:26,87,api/employee/{id},400,,Bad Request,False,testuser
GET,Production,03/30/2026 17:03:26,99,api/department/{id},400,,Bad Request,False,testuser
GET,Production,03/30/2026 17:03:26,103,api/department,200,,OK,True,testuser
GET,Production,03/30/2026 17:03:26,115,status/explorer,200,,OK,True,testuser
POST,Production,03/30/2026 17:03:26,64,api/employee,400,,Bad Request,False,testuser
GET,Production,03/30/2026 17:03:26,39,sitemap.xml,200,,OK,True,testuser
GET,Production,03/30/2026 17:03:26,37,status,200,,OK,True,testuser
GET,Production,03/30/2026 17:03:26,35,api/department,200,,OK,True,testuser
GET,Production,03/30/2026 17:03:26,39,api/department/{id},400,,Bad Request,False,testuser
PUT,Production,03/30/2026 17:03:26,36,api/employee/{id},400,,Bad Request,False,testuser
DELETE,Production,03/30/2026 17:03:26,33,api/employee/{id},400,,Bad Request,False,testuser
GET,Production,03/30/2026 17:03:26,47,api/employee/{id},400,,Bad Request,False,testuser
GET,Production,03/30/2026 17:03:26,65,status/explorer,200,,OK,True,testuser
GET,Production,03/30/2026 17:03:26,40,api/employee,200,,OK,True,testuser
POST,Production,03/30/2026 17:03:26,36,api/employee,400,,Bad Request,False,testuser
GET,Production,03/30/2026 17:03:26,36,sitemap.xml,200,,OK,True,testuser
GET,Production,03/30/2026 17:03:26,36,status/explorer,200,,OK,True,testuser
GET,Production,03/30/2026 17:03:26,36,status,200,,OK,True,testuser
GET,Production,03/30/2026 17:03:26,86,api/department/{id},400,,Bad Request,False,testuser
POST,Production,03/30/2026 17:03:26,72,api/employee,400,,Bad Request,False,testuser
GET,Production,03/30/2026 17:03:26,65,status/explorer,200,,OK,True,testuser
GET,Production,03/30/2026 17:03:26,72,api/employee,200,,OK,True,testuser
PUT,Production,03/30/2026 17:03:26,89,api/employee/{id},400,,Bad Request,False,testuser
GET,Production,03/30/2026 17:03:26,98,api/employee/{id},400,,Bad Request,False,testuser
GET,Production,03/30/2026 17:03:26,106,api/department,200,,OK,True,testuser
GET,Production,03/30/2026 17:03:26,90,sitemap.xml,200,,OK,True,testuser
GET,Production,03/30/2026 17:03:26,38,api/department,200,,OK,True,testuser
GET,Production,03/30/2026 17:03:26,74,status,200,,OK,True,testuser
POST,Production,03/30/2026 17:03:26,59,api/employee,400,,Bad Request,False,testuser
GET,Production,03/30/2026 17:03:26,51,sitemap.xml,200,,OK,True,testuser
GET,Production,03/30/2026 17:03:26,78,api/employee/{id},400,,Bad Request,False,testuser
DELETE,Production,03/30/2026 17:03:26,74,api/employee/{id},400,,Bad Request,False,testuser
GET,Production,03/30/2026 17:03:26,76,api/employee,200,,OK,True,testuser
GET,Production,03/30/2026 17:03:26,43,api/department/{id},400,,Bad Request,False,testuser
GET,Production,03/30/2026 17:03:26,97,api/employee/{id},400,,Bad Request,False,testuser
GET,Production,03/30/2026 17:03:26,101,api/department,200,,OK,True,testuser
GET,Production,03/30/2026 17:03:26,151,status/explorer,200,,OK,True,testuser
PUT,Production,03/30/2026 17:03:26,103,api/employee/{id},400,,Bad Request,False,testuser
DELETE,Production,03/30/2026 17:03:26,267,api/employee/{id},400,,Bad Request,False,testuser
GET,Production,03/30/2026 17:03:26,158,status,200,,OK,True,testuser
PUT,Production,03/30/2026 17:03:26,199,api/employee/{id},400,,Bad Request,False,testuser
GET,Production,03/30/2026 17:03:26,205,api/department/{id},400,,Bad Request,False,testuser
GET,Production,03/30/2026 17:03:26,38,sitemap.xml,200,,OK,True,testuser
DELETE,Production,03/30/2026 17:03:26,184,api/employee/{id},400,,Bad Request,False,testuser
GET,Production,03/30/2026 17:03:26,126,api/employee,200,,OK,True,testuser
GET,Production,03/30/2026 17:03:26,109,api/department/{id},400,,Bad Request,False,testuser
PUT,Production,03/30/2026 17:03:26,107,api/employee/{id},400,,Bad Request,False,testuser
GET,Production,03/30/2026 17:03:26,115,api/employee/{id},400,,Bad Request,False,testuser
GET,Production,03/30/2026 17:03:26,131,status/explorer,200,,OK,True,testuser
GET,Production,03/30/2026 17:03:26,131,api/department,200,,OK,True,testuser
GET,Production,03/30/2026 17:03:26,34,status,200,,OK,True,testuser
POST,Production,03/30/2026 17:03:26,48,api/employee,400,,Bad Request,False,testuser
GET,Production,03/30/2026 17:03:26,43,status/explorer,200,,OK,True,testuser
DELETE,Production,03/30/2026 17:03:26,59,api/employee/{id},400,,Bad Request,False,testuser
GET,Production,03/30/2026 17:03:26,59,api/employee,200,,OK,True,testuser
GET,Production,03/30/2026 17:03:26,45,api/employee/{id},400,,Bad Request,False,testuser
GET,Production,03/30/2026 17:03:26,77,api/department,200,,OK,True,testuser
DELETE,Production,03/30/2026 17:03:26,45,api/employee/{id},400,,Bad Request,False,testuser
GET,Production,03/30/2026 17:03:26,93,api/department/{id},400,,Bad Request,False,testuser
POST,Production,03/30/2026 17:03:26,49,api/employee,400,,Bad Request,False,testuser
PUT,Production,03/30/2026 17:03:26,90,api/employee/{id},400,,Bad Request,False,testuser
GET,Production,03/30/2026 17:03:26,82,api/employee,200,,OK,True,testuser
GET,Production,03/30/2026 17:03:26,266,status,200,,OK,True,testuser
POST,Production,03/30/2026 17:03:26,280,api/employee,400,,Bad Request,False,testuser
GET,Production,03/30/2026 17:03:26,154,sitemap.xml,200,,OK,True,testuser
GET,Production,03/30/2026 17:03:26,69,status/explorer,200,,OK,True,testuser
GET,Production,03/30/2026 17:03:26,75,status,200,,OK,True,testuser
GET,Production,03/30/2026 17:03:26,33,api/employee/{id},400,,Bad Request,False,testuser
GET,Production,03/30/2026 17:03:26,41,api/department/{id},400,,Bad Request,False,testuser
GET,Production,03/30/2026 17:03:26,87,sitemap.xml,200,,OK,True,testuser
GET,Production,03/30/2026 17:03:26,51,api/department,200,,OK,True,testuser
POST,Production,03/30/2026 17:03:26,33,api/employee,400,,Bad Request,False,testuser
DELETE,Production,03/30/2026 17:03:26,43,api/employee/{id},400,,Bad Request,False,testuser
GET,Production,03/30/2026 17:03:26,35,sitemap.xml,200,,OK,True,testuser
GET,Production,03/30/2026 17:03:26,50,api/employee,200,,OK,True,testuser
PUT,Production,03/30/2026 17:03:26,65,api/employee/{id},400,,Bad Request,False,testuser
GET,Production,03/30/2026 17:03:26,33,status,200,,OK,True,testuser
GET,Production,03/30/2026 17:03:26,42,status/explorer,200,,OK,True,testuser
GET,Production,03/30/2026 17:03:26,40,api/department,200,,OK,True,testuser
GET,Production,03/30/2026 17:03:26,40,api/department/{id},400,,Bad Request,False,testuser
GET,Production,03/30/2026 17:03:26,43,api/employee/{id},400,,Bad Request,False,testuser
PUT,Production,03/30/2026 17:03:26,41,api/employee/{id},400,,Bad Request,False,testuser
DELETE,Production,03/30/2026 17:03:26,74,api/employee/{id},400,,Bad Request,False,testuser
GET,Production,03/30/2026 17:03:26,80,api/department,200,,OK,True,testuser
GET,Production,03/30/2026 17:03:26,73,api/employee/{id},400,,Bad Request,False,testuser
GET,Production,03/30/2026 17:03:26,91,status,200,,OK,True,testuser
POST,Production,03/30/2026 17:03:26,104,api/employee,400,,Bad Request,False,testuser
GET,Production,03/30/2026 17:03:26,106,sitemap.xml,200,,OK,True,testuser
GET,Production,03/30/2026 17:03:26,92,api/department/{id},400,,Bad Request,False,testuser
GET,Production,03/30/2026 17:03:26,117,api/employee,200,,OK,True,testuser
GET,Production,03/30/2026 17:03:26,115,status/explorer,200,,OK,True,testuser
GET,Production,03/30/2026 17:03:26,33,sitemap.xml,200,,OK,True,testuser
POST,Production,03/30/2026 17:03:26,39,api/employee,400,,Bad Request,False,testuser
GET,Production,03/30/2026 17:03:26,34,api/department,200,,OK,True,testuser
GET,Production,03/30/2026 17:03:26,39,status/explorer,200,,OK,True,testuser
GET,Production,03/30/2026 17:03:26,38,status,200,,OK,True,testuser
DELETE,Production,03/30/2026 17:03:26,61,api/employee/{id},400,,Bad Request,False,testuser
GET,Production,03/30/2026 17:03:26,58,api/employee,200,,OK,True,testuser
GET,Production,03/30/2026 17:03:26,40,api/employee/{id},400,,Bad Request,False,testuser
GET,Production,03/30/2026 17:03:26,43,api/department/{id},400,,Bad Request,False,testuser
PUT,Production,03/30/2026 17:03:26,32,api/employee/{id},400,,Bad Request,False,testuser
PUT,Production,03/30/2026 17:03:26,143,api/employee/{id},400,,Bad Request,False,testuser
DELETE,Production,03/30/2026 17:03:26,38,api/employee/{id},400,,Bad Request,False,testuser
GET,Production,03/30/2026 17:03:26,33,sitemap.xml,200,,OK,True,testuser
GET,Production,03/30/2026 17:03:26,41,api/employee,200,,OK,True,testuser
GET,Production,03/30/2026 17:03:26,31,api/department/{id},400,,Bad Request,False,testuser
GET,Production,03/30/2026 17:03:26,39,status/explorer,200,,OK,True,testuser
POST,Production,03/30/2026 17:03:26,64,api/employee,400,,Bad Request,False,testuser
GET,Production,03/30/2026 17:03:26,84,api/employee/{id},400,,Bad Request,False,testuser
POST,Production,03/30/2026 17:03:27,133,api/employee,400,,Bad Request,False,testuser
DELETE,Production,03/30/2026 17:03:27,108,api/employee/{id},400,,Bad Request,False,testuser
GET,Production,03/30/2026 17:03:27,72,status/explorer,200,,OK,True,testuser
PUT,Production,03/30/2026 17:03:27,120,api/employee/{id},400,,Bad Request,False,testuser
GET,Production,03/30/2026 17:03:27,168,api/department,200,,OK,True,testuser
GET,Production,03/30/2026 17:03:27,77,status,200,,OK,True,testuser
GET,Production,03/30/2026 17:03:27,48,api/employee/{id},400,,Bad Request,False,testuser
GET,Production,03/30/2026 17:03:27,56,api/department/{id},400,,Bad Request,False,testuser
GET,Production,03/30/2026 17:03:27,189,status,200,,OK,True,testuser
GET,Production,03/30/2026 17:03:27,166,api/employee,200,,OK,True,testuser
DELETE,Production,03/30/2026 17:03:27,38,api/employee/{id},400,,Bad Request,False,testuser
GET,Production,03/30/2026 17:03:27,31,sitemap.xml,200,,OK,True,testuser
GET,Production,03/30/2026 17:03:27,89,api/department,200,,OK,True,testuser
PUT,Production,03/30/2026 17:03:27,80,api/employee/{id},400,,Bad Request,False,testuser
POST,Production,03/30/2026 17:03:27,41,api/employee,400,,Bad Request,False,testuser
GET,Production,03/30/2026 17:03:27,41,status/explorer,200,,OK,True,testuser
GET,Production,03/30/2026 17:03:27,50,api/employee,200,,OK,True,testuser
GET,Production,03/30/2026 17:03:27,34,api/department,200,,OK,True,testuser
GET,Production,03/30/2026 17:03:27,38,status,200,,OK,True,testuser
GET,Production,03/30/2026 17:03:27,57,api/department/{id},400,,Bad Request,False,testuser
GET,Production,03/30/2026 17:03:27,84,api/employee/{id},400,,Bad Request,False,testuser
POST,Production,03/30/2026 17:03:27,77,api/employee,400,,Bad Request,False,testuser
DELETE,Production,03/30/2026 17:03:27,86,api/employee/{id},400,,Bad Request,False,testuser
GET,Production,03/30/2026 17:03:27,79,status/explorer,200,,OK,True,testuser
GET,Production,03/30/2026 17:03:27,276,sitemap.xml,200,,OK,True,testuser
GET,Production,03/30/2026 17:03:27,95,sitemap.xml,200,,OK,True,testuser
GET,Production,03/30/2026 17:03:27,37,api/department/{id},400,,Bad Request,False,testuser
GET,Production,03/30/2026 17:03:27,61,api/department,200,,OK,True,testuser
DELETE,Production,03/30/2026 17:03:27,49,api/employee/{id},400,,Bad Request,False,testuser
POST,Production,03/30/2026 17:03:27,43,api/employee,400,,Bad Request,False,testuser
GET,Production,03/30/2026 17:03:27,44,status,200,,OK,True,testuser
GET,Production,03/30/2026 17:03:27,50,sitemap.xml,200,,OK,True,testuser
GET,Production,03/30/2026 17:03:27,88,api/employee,200,,OK,True,testuser
PUT,Production,03/30/2026 17:03:27,128,api/employee/{id},400,,Bad Request,False,testuser
GET,Production,03/30/2026 17:03:27,80,status/explorer,200,,OK,True,testuser
PUT,Production,03/30/2026 17:03:27,231,api/employee/{id},400,,Bad Request,False,testuser
GET,Production,03/30/2026 17:03:27,228,api/employee,200,,OK,True,testuser
GET,Production,03/30/2026 17:03:27,248,status,200,,OK,True,testuser
DELETE,Production,03/30/2026 17:03:27,109,api/employee/{id},400,,Bad Request,False,testuser
GET,Production,03/30/2026 17:03:27,103,api/employee,200,,OK,True,testuser
GET,Production,03/30/2026 17:03:27,236,api/department,200,,OK,True,testuser
GET,Production,03/30/2026 17:03:27,197,api/employee/{id},400,,Bad Request,False,testuser
GET,Production,03/30/2026 17:03:27,104,sitemap.xml,200,,OK,True,testuser
GET,Production,03/30/2026 17:03:27,207,api/department/{id},400,,Bad Request,False,testuser
PUT,Production,03/30/2026 17:03:27,181,api/employee/{id},400,,Bad Request,False,testuser
GET,Production,03/30/2026 17:03:27,45,api/employee/{id},400,,Bad Request,False,testuser
GET,Production,03/30/2026 17:03:27,51,status,200,,OK,True,testuser
GET,Production,03/30/2026 17:03:27,54,api/department,200,,OK,True,testuser
POST,Production,03/30/2026 17:03:27,217,api/employee,400,,Bad Request,False,testuser
GET,Production,03/30/2026 17:03:27,367,api/employee/{id},400,,Bad Request,False,testuser
PUT,Production,03/30/2026 17:03:27,64,api/employee/{id},400,,Bad Request,False,testuser
DELETE,Production,03/30/2026 17:03:27,93,api/employee/{id},400,,Bad Request,False,testuser
GET,Production,03/30/2026 17:03:27,36,api/department/{id},400,,Bad Request,False,testuser
GET,Production,03/30/2026 17:03:27,46,api/department,200,,OK,True,testuser
GET,Production,03/30/2026 17:03:27,209,status/explorer,200,,OK,True,testuser
GET,Production,03/30/2026 17:03:27,67,api/employee,200,,OK,True,testuser
GET,Production,03/30/2026 17:03:27,62,status,200,,OK,True,testuser
GET,Production,03/30/2026 17:03:27,127,api/department/{id},400,,Bad Request,False,testuser
GET,Production,03/30/2026 17:03:27,73,status/explorer,200,,OK,True,testuser
POST,Production,03/30/2026 17:03:27,80,api/employee,400,,Bad Request,False,testuser
GET,Production,03/30/2026 17:03:27,104,sitemap.xml,200,,OK,True,testuser
GET,Production,03/30/2026 17:03:27,36,sitemap.xml,200,,OK,True,testuser
GET,Production,03/30/2026 17:03:27,42,api/employee,200,,OK,True,testuser
DELETE,Production,03/30/2026 17:03:27,47,api/employee/{id},400,,Bad Request,False,testuser
PUT,Production,03/30/2026 17:03:27,52,api/employee/{id},400,,Bad Request,False,testuser
POST,Production,03/30/2026 17:03:27,54,api/employee,400,,Bad Request,False,testuser
GET,Production,03/30/2026 17:03:27,35,api/department,200,,OK,True,testuser
GET,Production,03/30/2026 17:03:27,34,api/department/{id},400,,Bad Request,False,testuser
GET,Production,03/30/2026 17:03:27,29,api/employee/{id},400,,Bad Request,False,testuser
GET,Production,03/30/2026 17:03:27,66,status/explorer,200,,OK,True,testuser
GET,Production,03/30/2026 17:03:27,125,api/employee/{id},400,,Bad Request,False,testuser
GET,Production,03/30/2026 17:03:27,40,status,200,,OK,True,testuser
GET,Production,03/30/2026 17:03:27,64,api/employee,200,,OK,True,testuser
GET,Production,03/30/2026 17:03:27,49,status/explorer,200,,OK,True,testuser
PUT,Production,03/30/2026 17:03:27,78,api/employee/{id},400,,Bad Request,False,testuser
GET,Production,03/30/2026 17:03:27,116,status,200,,OK,True,testuser
DELETE,Production,03/30/2026 17:03:27,86,api/employee/{id},400,,Bad Request,False,testuser
POST,Production,03/30/2026 17:03:27,80,api/employee,400,,Bad Request,False,testuser
GET,Production,03/30/2026 17:03:27,63,api/department,200,,OK,True,testuser
GET,Production,03/30/2026 17:03:27,74,sitemap.xml,200,,OK,True,testuser
GET,Production,03/30/2026 17:03:27,31,api/employee/{id},400,,Bad Request,False,testuser
GET,Production,03/30/2026 17:03:27,41,api/department/{id},400,,Bad Request,False,testuser
DELETE,Production,03/30/2026 17:03:27,38,api/employee/{id},400,,Bad Request,False,testuser
GET,Production,03/30/2026 17:03:27,36,api/employee,200,,OK,True,testuser
POST,Production,03/30/2026 17:03:27,39,api/employee,400,,Bad Request,False,testuser
GET,Production,03/30/2026 17:03:27,37,sitemap.xml,200,,OK,True,testuser
PUT,Production,03/30/2026 17:03:27,56,api/employee/{id},400,,Bad Request,False,testuser
GET,Production,03/30/2026 17:03:27,60,api/department,200,,OK,True,testuser
DELETE,Production,03/30/2026 17:03:27,44,api/employee/{id},400,,Bad Request,False,testuser
PUT,Production,03/30/2026 17:03:27,46,api/employee/{id},400,,Bad Request,False,testuser
GET,Production,03/30/2026 17:03:27,91,status,200,,OK,True,testuser
GET,Production,03/30/2026 17:03:27,83,api/employee/{id},400,,Bad Request,False,testuser
GET,Production,03/30/2026 17:03:27,93,api/department/{id},400,,Bad Request,False,testuser
GET,Production,03/30/2026 17:03:27,118,status/explorer,200,,OK,True,testuser
GET,Production,03/30/2026 17:03:27,56,status/explorer,200,,OK,True,testuser
DELETE,Production,03/30/2026 17:03:27,44,api/employee/{id},400,,Bad Request,False,testuser
GET,Production,03/30/2026 17:03:27,99,sitemap.xml,200,,OK,True,testuser
GET,Production,03/30/2026 17:03:27,60,api/employee/{id},400,,Bad Request,False,testuser
GET,Production,03/30/2026 17:03:27,130,api/employee,200,,OK,True,testuser
POST,Production,03/30/2026 17:03:27,175,api/employee,400,,Bad Request,False,testuser
GET,Production,03/30/2026 17:03:27,79,api/employee,200,,OK,True,testuser
GET,Production,03/30/2026 17:03:27,72,sitemap.xml,200,,OK,True,testuser
GET,Production,03/30/2026 17:03:27,74,status,200,,OK,True,testuser
GET,Production,03/30/2026 17:03:28,151,api/department,200,,OK,True,testuser
PUT,Production,03/30/2026 17:03:28,142,api/employee/{id},400,,Bad Request,False,testuser
GET,Production,03/30/2026 17:03:28,157,api/department/{id},400,,Bad Request,False,testuser
POST,Production,03/30/2026 17:03:28,96,api/employee,400,,Bad Request,False,testuser
GET,Production,03/30/2026 17:03:28,165,status,200,,OK,True,testuser
POST,Production,03/30/2026 17:03:28,41,api/employee,400,,Bad Request,False,testuser
PUT,Production,03/30/2026 17:03:28,59,api/employee/{id},400,,Bad Request,False,testuser
GET,Production,03/30/2026 17:03:28,49,api/employee,200,,OK,True,testuser
DELETE,Production,03/30/2026 17:03:28,55,api/employee/{id},400,,Bad Request,False,testuser
GET,Production,03/30/2026 17:03:28,71,api/department,200,,OK,True,testuser
GET,Production,03/30/2026 17:03:28,74,api/employee/{id},400,,Bad Request,False,testuser
GET,Production,03/30/2026 17:03:28,147,status/explorer,200,,OK,True,testuser
GET,Production,03/30/2026 17:03:28,88,api/department/{id},400,,Bad Request,False,testuser
GET,Production,03/30/2026 17:03:28,65,sitemap.xml,200,,OK,True,testuser
GET,Production,03/30/2026 17:03:28,67,status/explorer,200,,OK,True,testuser
GET,Production,03/30/2026 17:03:28,34,status,200,,OK,True,testuser
PUT,Production,03/30/2026 17:03:28,32,api/employee/{id},400,,Bad Request,False,testuser
GET,Production,03/30/2026 17:03:28,37,api/department,200,,OK,True,testuser
GET,Production,03/30/2026 17:03:28,39,api/department/{id},400,,Bad Request,False,testuser
POST,Production,03/30/2026 17:03:28,28,api/employee,400,,Bad Request,False,testuser
DELETE,Production,03/30/2026 17:03:28,37,api/employee/{id},400,,Bad Request,False,testuser
GET,Production,03/30/2026 17:03:28,83,api/employee/{id},400,,Bad Request,False,testuser
GET,Production,03/30/2026 17:03:28,71,api/employee,200,,OK,True,testuser
GET,Production,03/30/2026 17:03:28,116,status,200,,OK,True,testuser
GET,Production,03/30/2026 17:03:28,112,api/department,200,,OK,True,testuser
PUT,Production,03/30/2026 17:03:28,131,api/employee/{id},400,,Bad Request,False,testuser
DELETE,Production,03/30/2026 17:03:28,136,api/employee/{id},400,,Bad Request,False,testuser
GET,Production,03/30/2026 17:03:28,150,api/department/{id},400,,Bad Request,False,testuser
GET,Production,03/30/2026 17:03:28,52,status/explorer,200,,OK,True,testuser
GET,Production,03/30/2026 17:03:28,48,status,200,,OK,True,testuser
GET,Production,03/30/2026 17:03:28,55,sitemap.xml,200,,OK,True,testuser
GET,Production,03/30/2026 17:03:28,198,api/employee/{id},400,,Bad Request,False,testuser
GET,Production,03/30/2026 17:03:28,220,status/explorer,200,,OK,True,testuser
GET,Production,03/30/2026 17:03:28,223,sitemap.xml,200,,OK,True,testuser
GET,Production,03/30/2026 17:03:28,43,api/employee/{id},400,,Bad Request,False,testuser
DELETE,Production,03/30/2026 17:03:28,67,api/employee/{id},400,,Bad Request,False,testuser
GET,Production,03/30/2026 17:03:28,220,api/employee,200,,OK,True,testuser
POST,Production,03/30/2026 17:03:28,91,api/employee,400,,Bad Request,False,testuser
GET,Production,03/30/2026 17:03:28,95,api/employee,200,,OK,True,testuser
PUT,Production,03/30/2026 17:03:28,109,api/employee/{id},400,,Bad Request,False,testuser
GET,Production,03/30/2026 17:03:28,161,api/department/{id},400,,Bad Request,False,testuser
POST,Production,03/30/2026 17:03:28,205,api/employee,400,,Bad Request,False,testuser
GET,Production,03/30/2026 17:03:28,171,api/department,200,,OK,True,testuser
GET,Production,03/30/2026 17:03:28,61,status,200,,OK,True,testuser
GET,Production,03/30/2026 17:03:28,73,status/explorer,200,,OK,True,testuser
GET,Production,03/30/2026 17:03:28,39,api/department,200,,OK,True,testuser
GET,Production,03/30/2026 17:03:28,39,api/employee/{id},400,,Bad Request,False,testuser
GET,Production,03/30/2026 17:03:28,43,api/department/{id},400,,Bad Request,False,testuser
GET,Production,03/30/2026 17:03:28,39,status/explorer,200,,OK,True,testuser
GET,Production,03/30/2026 17:03:28,49,sitemap.xml,200,,OK,True,testuser
POST,Production,03/30/2026 17:03:28,58,api/employee,400,,Bad Request,False,testuser
DELETE,Production,03/30/2026 17:03:28,71,api/employee/{id},400,,Bad Request,False,testuser
GET,Production,03/30/2026 17:03:28,156,sitemap.xml,200,,OK,True,testuser
PUT,Production,03/30/2026 17:03:28,91,api/employee/{id},400,,Bad Request,False,testuser
GET,Production,03/30/2026 17:03:28,76,api/employee,200,,OK,True,testuser
GET,Production,03/30/2026 17:03:28,59,status,200,,OK,True,testuser
GET,Production,03/30/2026 17:03:28,88,api/department,200,,OK,True,testuser
GET,Production,03/30/2026 17:03:28,70,status/explorer,200,,OK,True,testuser
POST,Production,03/30/2026 17:03:28,82,api/employee,400,,Bad Request,False,testuser
GET,Production,03/30/2026 17:03:28,85,api/employee,200,,OK,True,testuser
DELETE,Production,03/30/2026 17:03:28,94,api/employee/{id},400,,Bad Request,False,testuser
PUT,Production,03/30/2026 17:03:28,97,api/employee/{id},400,,Bad Request,False,testuser
GET,Production,03/30/2026 17:03:28,137,api/department/{id},400,,Bad Request,False,testuser
GET,Production,03/30/2026 17:03:28,92,sitemap.xml,200,,OK,True,testuser
GET,Production,03/30/2026 17:03:28,114,api/employee/{id},400,,Bad Request,False,testuser
GET,Production,03/30/2026 17:03:28,95,status,200,,OK,True,testuser
GET,Production,03/30/2026 17:03:28,35,api/department,200,,OK,True,testuser
GET,Production,03/30/2026 17:03:28,61,api/department/{id},400,,Bad Request,False,testuser
DELETE,Production,03/30/2026 17:03:28,52,api/employee/{id},400,,Bad Request,False,testuser
GET,Production,03/30/2026 17:03:28,45,sitemap.xml,200,,OK,True,testuser
POST,Production,03/30/2026 17:03:28,50,api/employee,400,,Bad Request,False,testuser
GET,Production,03/30/2026 17:03:28,71,api/employee/{id},400,,Bad Request,False,testuser
GET,Production,03/30/2026 17:03:28,65,api/employee,200,,OK,True,testuser
PUT,Production,03/30/2026 17:03:28,75,api/employee/{id},400,,Bad Request,False,testuser
GET,Production,03/30/2026 17:03:28,95,status/explorer,200,,OK,True,testuser
POST,Production,03/30/2026 17:03:28,45,api/employee,400,,Bad Request,False,testuser
PUT,Production,03/30/2026 17:03:28,86,api/employee/{id},400,,Bad Request,False,testuser
GET,Production,03/30/2026 17:03:28,93,api/employee/{id},400,,Bad Request,False,testuser
GET,Production,03/30/2026 17:03:28,75,api/employee,200,,OK,True,testuser
GET,Production,03/30/2026 17:03:28,61,status/explorer,200,,OK,True,testuser
GET,Production,03/30/2026 17:03:28,33,status,200,,OK,True,testuser
GET,Production,03/30/2026 17:03:28,129,api/department/{id},400,,Bad Request,False,testuser
GET,Production,03/30/2026 17:03:28,138,status,200,,OK,True,testuser
DELETE,Production,03/30/2026 17:03:28,132,api/employee/{id},400,,Bad Request,False,testuser
GET,Production,03/30/2026 17:03:28,54,api/department,200,,OK,True,testuser
DELETE,Production,03/30/2026 17:03:28,32,api/employee/{id},400,,Bad Request,False,testuser
GET,Production,03/30/2026 17:03:28,42,api/employee/{id},400,,Bad Request,False,testuser
GET,Production,03/30/2026 17:03:28,66,api/department/{id},400,,Bad Request,False,testuser
PUT,Production,03/30/2026 17:03:28,42,api/employee/{id},400,,Bad Request,False,testuser
GET,Production,03/30/2026 17:03:28,150,sitemap.xml,200,,OK,True,testuser
GET,Production,03/30/2026 17:03:28,42,api/employee,200,,OK,True,testuser
GET,Production,03/30/2026 17:03:28,71,sitemap.xml,200,,OK,True,testuser
GET,Production,03/30/2026 17:03:28,64,status/explorer,200,,OK,True,testuser
GET,Production,03/30/2026 17:03:28,52,api/department/{id},400,,Bad Request,False,testuser
GET,Production,03/30/2026 17:03:28,68,status,200,,OK,True,testuser
GET,Production,03/30/2026 17:03:28,66,api/department,200,,OK,True,testuser
GET,Production,03/30/2026 17:03:28,92,api/employee/{id},400,,Bad Request,False,testuser
GET,Production,03/30/2026 17:03:28,46,sitemap.xml,200,,OK,True,testuser
POST,Production,03/30/2026 17:03:28,56,api/employee,400,,Bad Request,False,testuser
GET,Production,03/30/2026 17:03:28,53,api/employee,200,,OK,True,testuser
PUT,Production,03/30/2026 17:03:28,96,api/employee/{id},400,,Bad Request,False,testuser
GET,Production,03/30/2026 17:03:28,51,api/department,200,,OK,True,testuser
GET,Production,03/30/2026 17:03:28,55,status,200,,OK,True,testuser
GET,Production,03/30/2026 17:03:28,50,api/department/{id},400,,Bad Request,False,testuser
GET,Production,03/30/2026 17:03:28,93,status/explorer,200,,OK,True,testuser
POST,Production,03/30/2026 17:03:28,190,api/employee,400,,Bad Request,False,testuser
GET,Production,03/30/2026 17:03:28,353,api/department,200,,OK,True,testuser
POST,Production,03/30/2026 17:03:28,41,api/employee,400,,Bad Request,False,testuser
GET,Production,03/30/2026 17:03:28,85,api/employee/{id},400,,Bad Request,False,testuser
GET,Production,03/30/2026 17:03:28,40,status/explorer,200,,OK,True,testuser
DELETE,Production,03/30/2026 17:03:28,60,api/employee/{id},400,,Bad Request,False,testuser
DELETE,Production,03/30/2026 17:03:28,158,api/employee/{id},400,,Bad Request,False,testuser
GET,Production,03/30/2026 17:03:29,63,api/employee,200,,OK,True,testuser
PUT,Production,03/30/2026 17:03:29,74,api/employee/{id},400,,Bad Request,False,testuser
GET,Production,03/30/2026 17:03:29,60,sitemap.xml,200,,OK,True,testuser
GET,Production,03/30/2026 17:03:29,38,api/department,200,,OK,True,testuser
GET,Production,03/30/2026 17:03:29,36,api/employee/{id},400,,Bad Request,False,testuser
PUT,Production,03/30/2026 17:03:29,40,api/employee/{id},400,,Bad Request,False,testuser
DELETE,Production,03/30/2026 17:03:29,34,api/employee/{id},400,,Bad Request,False,testuser
GET,Production,03/30/2026 17:03:29,68,api/department/{id},400,,Bad Request,False,testuser
GET,Production,03/30/2026 17:03:29,44,status,200,,OK,True,testuser
GET,Production,03/30/2026 17:03:29,40,api/department,200,,OK,True,testuser
POST,Production,03/30/2026 17:03:29,62,api/employee,400,,Bad Request,False,testuser
GET,Production,03/30/2026 17:03:29,115,status,200,,OK,True,testuser
GET,Production,03/30/2026 17:03:29,67,status/explorer,200,,OK,True,testuser
GET,Production,03/30/2026 17:03:29,74,sitemap.xml,200,,OK,True,testuser
GET,Production,03/30/2026 17:03:29,82,api/employee,200,,OK,True,testuser
PUT,Production,03/30/2026 17:03:29,33,api/employee/{id},400,,Bad Request,False,testuser
GET,Production,03/30/2026 17:03:29,38,api/department/{id},400,,Bad Request,False,testuser
DELETE,Production,03/30/2026 17:03:29,33,api/employee/{id},400,,Bad Request,False,testuser
GET,Production,03/30/2026 17:03:29,35,sitemap.xml,200,,OK,True,testuser
POST,Production,03/30/2026 17:03:29,37,api/employee,400,,Bad Request,False,testuser
GET,Production,03/30/2026 17:03:29,43,api/employee,200,,OK,True,testuser
GET,Production,03/30/2026 17:03:29,29,status,200,,OK,True,testuser
GET,Production,03/30/2026 17:03:29,37,status/explorer,200,,OK,True,testuser
GET,Production,03/30/2026 17:03:29,87,api/employee/{id},400,,Bad Request,False,testuser
